Prenoms;Noms;Sexes;Date naiss.;hours;minutes;seconds
Landers;Senneville;M;16/11/1941
Brie;Dumoulin;F;15/4/1969;1;16;44
Norris;Lebrun;M;21/1/1963;0;42;15
Donatien;L'Hiver;M;29/4/1989;0;59;13
Karel;Tollmache;M;16/1/1955;1;38;32
Christiane;Moreau;F;18/5/1951;0;33;25
Thérèse;Faure;F;15/7/1995;1;15;48
Liane;Dupuy;F;16/1/1961;1;19;53
Valentine;Plouffe;F;30/9/1994;1;11;11
D'Arcy;Lagrange;M;13/8/1930;1;44;49
Valérie;Parmentier;F;7/4/1993;1;45;23
Roger;Sauriol;M;14/1/1948;1;41;20
Véronique;Plaisance;F;11/8/1953;1;29;18
Gilles;Boivin;M;20/1/1960;1;38;55
Virginie;Margand;F;23/5/1983
Claude;Meilleur;M;28/8/1981;0;49;12
Laurene;Melanson;F;11/5/1982;1;4;15
Romaine;Laramée;F;16/1/1983;0;47;17
Faye;Lemaître;F;4/3/1951;1;31;47
Forrest;Reault;M;3/12/1967;0;43;32
Emmeline;Ayot;F;31/1/1951;0;58;27
Fleurette;Lamarre;F;1/11/1930;0;56;44
Cher;Lacombe;F;7/6/1949;1;6;39
Faustin;Soucy;M;24/11/1936;1;5;34
Pascaline;Pichette;F;2/9/1960;1;41;46
Henry;Goudreau;M;30/1/1976;0;38;24
Orva;Hébert;F;10/5/1998;0;55;50
Élodie;Berthelette;F;17/6/1966;0;57;3
Paien;Lagrange;M;13/1/1957;1;8;55
Quennel;Verreau;M;6/3/2000;0;47;38
Archard;Rivard;M;10/6/1950;1;4;46
Henri;Metivier;M;25/5/1931;1;8;37
Théodore;Bousquet;M;17/10/1997;1;31;19
Olivie;Brochu;F;14/9/1947;1;21;26
Marlon;Ruest;M;5/11/1942;1;27;40
Evrard;Bussière;M;29/5/1946;1;47;59
Slainie;Dumont;F;6/12/1953;1;14;23
Faustin;Duperré;M;4/4/1938;1;15;13
Lothair;Clément;M;14/4/1966;0;57;49
Inès;Gosselin;F;23/5/1987;1;20;24
Neville;Maheu;M;2/2/1936;1;32;17
Yseult;Chicoine;F;28/9/1981;0;56;4
Pierpont;Pinneau;M;28/3/1989;1;30;23
Mignonette;Tétrault;F;24/4/1958;0;35;49
Élisabeth;Levasseur;F;8/10/1998
Fabien;Simon;M;4/5/1963;0;58;42
Ignace;Marcheterre;M;6/9/1997;1;48;25
Kerman;Laux;M;5/4/1990;1;0;56
Brunella;Houle;F;30/6/1954;1;6;40
Patricia;Goulet;F;13/10/1995;1;29;14
Minette;Desruisseaux;F;19/1/1979;1;2;30
Telford;Charbonneau;M;8/9/1982;1;40;26
Laurent;Labelle;M;22/9/1961;1;8;10
Satordi;Séguin;M;23/5/1957;1;37;40
Fantina;Plante;F;13/10/1932;0;25;53
Vincent;Riquier;M;16/9/1980
Favor;Devost;F;29/11/1963;1;29;49
Huon;Barrette;M;12/5/1932;1;3;34
Julie;Monrency;F;15/2/1943;0;7;3
Lowell;Chassé;M;18/9/1943;1;3;55
Vignette;Mathieu;F;13/4/1970;1;16;53
Virginie;Patry;F;18/11/1997
Olympia;Parizeau;F;9/11/1959;1;19;48
Ninette;Chauvet;F;8/2/1973;1;15;33
Channing;Jardine;M;9/4/1948;1;17;44
Albracca;Turgeon;F;19/7/1994;1;0;52
Édith;Mathieu;F;12/5/1944;1;14;25
Felicienne;Jardine;F;12/7/1941;1;13;22
Inès;Varieur;F;4/3/1939;0;56;36
Charlot;Perreault;M;24/3/1964;1;37;58
Tyson;Labelle;M;22/12/1940;1;22;10
Orva;Lajoie;F;26/7/1993;1;19;57
Medoro;Veronneau;M;14/2/1990;1;3;41
Somerville;Blais;M;5/2/1973
Odelette;Brian;F;30/11/1978;1;13;41
Creissant;Goudreau;F;19/11/1971;0;58;52
Matilda;Laurent;F;9/5/1968;0;54;52
Olivier;Desroches;M;10/5/1930;1;10;19
Benoît;Dufresne;M;4/5/1949;0;52;23
Claire;Émond;F;26/8/1980;1;48;6
Verney;Chrétien;M;25/5/1945;0;35;22
Lundy;Senneville;F;2/1/1936;1;24;17
Mayhew;Coupart;M;25/7/2000;1;4;44
Leala;Huot;F;4/9/1978;1;21;23
Vaden;Parrot;M;4/2/1931;1;42;16
Beaufort;Lizotte;M;23/6/1981;1;6;26
Odo;Huot;M;7/11/1994;1;22;39
Royale;Duhamel;F;11/12/1933;1;11;44
Demi;Lamontagne;F;13/10/1974;1;35;48
Rosamonde;Monty;F;2/2/1979;1;29;17
Belle;Casgrain;F;27/6/1974;1;39;33
Charlotte;Lafontaine;F;19/5/1956;0;41;14
Belisarda;Lespérance;F;3/2/2000;0;53;26
Donatien;Guilmette;M;9/3/1932;1;30;5
Peppin;Laforge;M;9/2/1963;1;6;18
Eulalie;"de Brisay";F;7/4/1995;1;20;57
Apolline;Cinq-Mars;F;19/1/1998;1;19;32
Aubrey;Hughes;F;20/8/2000;1;31;33
Arridano;Auger;M;26/5/1959;1;34;30
Archard;Despins;M;15/12/1982;1;5;40
Ferrau;Boulanger;M;22/9/1937;0;48;20
Zacharie;Gagnon;M;3/10/2000;1;0;54
Fauna;Lapresse;F;29/11/1995;0;51;54
Dominic;Joly;M;21/11/1953;1;25;11
Marlon;Deblois;M;4/9/1988;1;37;42
Chapin;Guimond;M;5/9/1965;1;20;8
Harriette;Fortin;F;27/1/1956;0;51;58
Arienne;Gendron;F;28/10/1996;1;18;5
Peppin;Douffet;M;21/10/1974;0;29;58
Émile;Gaillard;M;18/10/1960
Alfred;Bler;M;23/2/1930
Émile;Savard;M;10/11/1933;1;27;41
Éric;Breton;M;26/6/1978;1;10;57
Malagigi;Cuillerier;M;22/3/1936;1;21;51
Belda;Marcil;F;14/3/1987;1;16;18
Oliver;Lussier;M;22/3/1972;0;50;59
Aymon;Villeneuve;M;3/9/1942;1;15;31
Geneviève;LaGrande;F;2/8/1991;1;43;38
Madeleine;St-Pierre;F;21/2/1974;1;10;21
Tyson;Poisson;M;3/2/1942
Laurence;Gladu;F;31/7/1985;1;36;34
Berangaria;Laprise;F;7/11/1977;0;47;54
Lowell;Sevier;M;10/11/1977;1;2;45
Avelaine;Mothé;F;20/10/1963;1;7;34
Aymon;Beaudoin;M;19/10/1958;0;50;9
Jessamine;Vaillancourt;F;6/12/1930;1;1;18
Apolline;Louineaux;F;1/3/1958;1;3;13
Harbin;Saucier;M;3/12/1986;1;6;20
Gaetan;Tardif;M;11/7/1942;0;45;27
Ansel;Souplet;M;9/1/1955;1;5;55
Cheney;Chassé;M;21/3/1949;1;19;40
Monique;Bonsaint;F;9/12/1971;1;16;58
Colette;Charbonneau;F;29/11/1978;1;2;55
Océane;Lévesque;F;4/4/1956;0;45;4
Aceline;Vallée;F;1/11/1945;1;14;36
Eugenia;Begin;F;22/8/1940;1;49;56
Amorette;Jolicoeur;F;12/12/1978;0;50;31
Arlette;Lanctot;F;3/10/1953;1;26;17
Pomeroy;Authier;M;20/4/1961;1;32;43
Fifine;Bourdette;F;18/4/1987;1;40;25
Jessamine;Coudert;F;21/7/1975;1;31;57
Céline;Berthelette;F;24/10/1989;1;45;56
Vernon;LaGarde;M;20/4/1948;1;22;55
Thérèse;Moquin;F;7/7/1932;1;24;42
Océane;Dufour;F;5/8/1940;1;11;31
Lucille;Lajoie;F;19/4/1964;0;43;39
Émile;Grignon;M;25/3/1959;1;11;56
Delmar;Fortin;M;3/5/1985;1;5;36
Valiant;Langelier;M;6/3/1982;0;55;44
Théophile;Boucher;M;7/2/1945;0;39;36
Audric;Paquette;M;11/8/1971;1;45;4
Sacripant;Mireault;M;15/4/1945;1;15;48
Leverett;Allaire;M;18/11/1950;1;24;47
Christien;Longpré;M;13/7/1936;1;20;30
Georgette;Labbé;F;10/3/1977;1;14;4
Virginie;Baron;F;13/9/1936;1;12;37
Édouard;Vincent;M;6/2/1931;1;33;6
Sophie;Baril;F;25/8/1944;0;50;37
Marcelle;Proulx;F;15/1/1973;1;24;23
Rosemarie;Mailloux;F;11/12/1945;1;26;32
Cosette;Thibault;F;25/10/1975;0;56;33
Marveille;Josseaume;F;21/10/1930;1;25;0
Dexter;Vincent;M;19/8/1966;0;50;42
Courtland;Brousseau;M;18/5/1969
Gano;Chouinard;M;29/9/1965;0;55;36
Stéphane;Gamache;M;21/8/1930;0;59;5
Pierpont;Charpie;M;18/3/1972;1;18;10
Édouard;Gingras;M;1/6/1988;1;7;33
Fifine;Bellemare;F;17/10/1937;0;56;36
Lance;Sciverit;M;25/10/1963;1;12;43
Marveille;Guilmette;F;4/4/1977;0;32;58
Anaïs;Metivier;F;30/3/1950;0;59;43
Vail;Marier;M;8/3/1940;1;33;12
Pinabel;Poissonnier;M;25/6/1991;1;12;2
Phillipa;Lachance;F;6/7/1947;1;5;5
Franck;Pinneau;M;30/4/1966;1;18;19
Serge;Bérubé;M;13/12/1998;0;48;17
Annette;Sauriol;F;17/1/1954;1;18;38
Hilaire;Savoie;F;11/9/1935;1;9;4
Zdenek;Crête;M;25/12/1966;1;27;43
Ganelon;Boileau;M;15/2/1973;0;57;55
Raison;Maheu;F;19/2/1932;1;55;36
Emmanuel;Chauvin;M;15/8/1951;1;4;15
Arianne;Camus;F;12/4/1930;1;25;57
Robinette;Lalonde;F;12/11/1931;0;40;12
Evrard;Lagacé;M;6/5/1981;1;16;39
Maryse;Laramée;F;30/9/1936;1;11;42
Rémy;Dastous;M;16/7/1936;1;30;12
Loyal;Crête;M;25/10/1965;1;11;19
Sophie;Devoe;F;24/3/1979;1;4;17
Platt;Corbeil;M;24/6/1987;0;59;26
Patrice;Hervieux;F;20/1/1946;0;56;54
Satordi;Lanoie;M;8/3/1940;1;29;52
Luce;Hughes;F;16/5/1939
Gifford;Giguère;M;1/4/1982;0;53;12
Fleur;Bonnet;F;11/6/1984;1;36;49
Élise;Faure;F;23/10/1970;1;7;41
Falerina;Brunault;F;31/5/1943
Ormazd;Chatigny;F;19/9/1998;0;43;25
Mandel;Rivard;M;30/6/1971;1;5;58
Yvon;Thériault;M;14/3/1964;1;38;20
Granville;Caisse;M;23/5/1983;1;43;38
Eustache;David;M;20/5/2000;1;21;2
Cerise;D'Aubigné;F;13/8/1940;1;13;11
Anastasie;Godin;F;8/9/1999;1;14;13
Sabine;Guérette;F;8/8/1999;1;43;28
Jolie;Létourneau;F;22/10/1986;1;40;21
Bartlett;Blais;M;25/7/1945;0;56;27
Auriville;Ménard;M;3/5/1981;1;13;12
Marveille;Artois;F;4/11/1973;1;0;30
Serge;Mathieu;M;17/5/1977;1;44;55
Millard;Lafrenière;M;18/3/1947;1;28;8
Thibaut;"de Launay";M;2/2/1996;0;28;28
Desire;Beaulé;M;8/4/1982;1;5;45
Madelene;Croteau;F;29/6/1930;0;52;58
Fantina;Fresne;F;17/7/1985;1;2;45
Éléonore;Grandbois;F;20/6/1959;1;21;45
Martine;Aupry;F;17/5/1960;1;24;0
Pauline;Corbin;F;2/11/1932;0;41;19
Amitee;Paquette;F;10/7/1987;1;26;39
Saville;Mailhot;M;18/9/1965;1;1;56
Arianne;Dostie;F;9/6/1991
Hélène;Majory;F;30/3/1983;1;34;31
Fusberta;Sirois;F;21/12/1999;0;57;46
Peverell;Hervé;M;19/4/1996
Guy;"Des Meaux";M;10/5/1955;1;21;59
Henriette;Dodier;F;6/10/1981;1;7;33
Edmee;Saurel;F;9/2/1943;1;28;24
Gaston;Parent;M;14/12/1998;1;21;7
Norris;Lauzier;M;27/3/1971;1;15;54
Charlot;Laberge;M;2/1/1953;1;23;34
Florus;Echeverri;M;27/11/1963;1;5;0
Jeannine;St-Jean;F;17/2/1957;0;25;15
Laurence;Auclair;F;4/1/1964;1;30;53
Ruby;Marier;F;10/9/1936;1;32;34
Roux;Austin;F;8/8/1998;1;29;13
Clarice;Royer;F;7/5/1961;0;50;41
Richard;Meunier;M;28/3/1944;1;17;48
Sylvie;Lajeunesse;F;5/4/1972;1;46;51
Arnaud;Beauchamps;M;1/3/1937;1;10;51
Alexis;Bonnet;M;14/11/1997;1;13;30
Serge;Tanguay;M;14/11/1952;0;35;34
Hugh;Arnoux;M;25/2/1945;1;43;50
Noémi;Coudert;F;8/7/1961;0;42;17
Élisabeth;Chevrette;F;25/9/1966;1;14;4
Felicienne;Bellefeuille;F;13/4/1976;0;54;32
Landers;Massé;M;19/5/1937;1;56;49
Crescent;Lacombe;F;11/12/1987;1;14;59
Thierry;Bler;M;1/4/1962;1;14;0
Bertrand;Audibert;M;11/5/1993;1;46;40
Astolpho;Chaussée;M;6/5/1958;1;4;6
Brice;Tougas;M;22/4/1965
Élodie;Bellemare;F;23/12/1980;1;44;16
Jeanne;Veronneau;F;30/12/1955;1;41;50
Arnaude;Foucault;F;18/9/1959;1;17;56
Maryse;Clément;F;17/7/1947;1;13;7
Gilbert;Pomerleau;M;8/4/1987;1;12;21
Joseph;Larocque;M;7/3/1991;0;58;4
Maryse;Poirier;F;10/6/1997;1;15;18
Dominique;Tremblay;F;11/12/1949;1;13;1
Michèle;Voisine;F;13/4/2000;0;31;19
Cammile;Turgeon;F;17/12/1970;0;43;0
Christiane;Bordeleau;F;13/11/1955;0;55;21
Clarimunda;Lamy;F;4/7/1985;1;13;49
Lundy;Desilets;F;24/5/1954;0;57;28
Jeanette;L'Heureux;F;19/2/1946;1;39;57
Ermengardi;Sicard;F;8/9/1988;1;0;4
Cinderella;Gladu;F;20/4/1933;0;35;47
Carole;Douffet;F;1/1/1940;1;21;44
Evrard;Moquin;M;3/4/1953;0;56;47
Frédérique;Mainville;F;13/10/1938;1;7;6
Gaspar;Ducharme;M;18/2/1967;1;18;4
Millard;Flamand;M;22/7/1933;0;49;11
Moore;Lamothe;M;23/3/1935;1;8;24
Javier;Bourgeau;M;21/5/1952
Éléonore;Deslauriers;F;23/6/1992;0;45;36
Dominic;Vadnais;M;16/9/1954;1;36;34
Marine;Metivier;F;21/10/1985;0;55;49
Matthieu;Desjardins;M;18/7/1932;1;42;5
Claude;Desnoyer;M;3/12/1997;1;1;40
Aymon;Covillon;M;26/5/1976;1;5;46
Paien;Gilbert;M;26/11/1953;1;6;13
Océane;Mazuret;F;14/12/1932;1;11;1
Pénélope;Boucher;F;10/7/1967;1;38;1
David;Arcouet;M;10/9/1970;1;11;48
Aurore;Bouvier;F;5/10/1947;1;17;32
Fusberta;Galarneau;F;6/10/1953;0;50;45
Isabelle;Ailleboust;F;8/3/1950;1;54;58
Jacqueline;Briard;F;12/3/1948;1;41;17
Olympia;Lapointe;F;12/12/1978;0;48;22
Astolpho;Simard;M;22/7/1960;1;29;7
Millard;Grivois;M;17/7/1970;0;49;53
Avent;Patry;M;23/1/1986;1;20;54
Astrid;Lévesque;F;18/7/1938
Guy;Pitre;M;7/4/1966;0;54;42
Jesper;Tremblay;M;25/4/1988;1;36;31
Medoro;Lajoie;M;27/11/1984;0;58;4
Florus;Picard;M;27/4/1980;0;43;25
Laetitia;Rouze;F;18/11/1935;1;7;54
Gilles;Galarneau;M;11/11/1975;1;23;48
Pénélope;Chalifour;F;27/3/1938;0;33;3
Eliot;Lauzier;M;24/9/1967;0;34;45
Trinette;Bourque;F;18/1/2000;1;17;34
Sacripant;Rivière;M;26/9/1992;1;22;4
Dorene;Pelland;F;5/12/1968;1;22;51
Éléonore;Durand;F;1/2/1970;0;28;54
Amorette;Pelchat;F;31/12/1934;0;37;1
Jacques;Labrosse;M;5/3/1948;1;22;31
Camille;Leclerc;F;22/5/1969;0;40;36
Amélie;Fortin;F;13/5/1965;1;37;32
Annot;Demers;F;13/3/1992
Quincy;Bernier;M;24/4/1982;0;37;4
Porter;Rivière;M;10/5/1969;0;50;13
Marmion;Marleau;M;19/11/1991;1;17;44
Aleron;Paulet;M;31/10/1947;0;26;41
Langley;Lebel;M;22/2/1981;1;8;54
Faustin;Brisebois;M;17/8/1964;0;54;37
Arnou;Roussel;M;10/5/1990;0;53;5
Arlette;Breton;F;14/4/2000;1;20;1
Melusina;Forest;F;16/10/1968;1;13;4
Verney;Léveillé;M;25/4/1994;1;16;36
Vaden;Durepos;M;12/3/1982;1;43;13
Georges;Quiron;M;19/12/1986;0;57;26
Auda;Jodion;F;14/3/1969;1;4;29
Varden;Gareau;M;31/5/1945;1;4;9
Avice;Bouvier;F;23/9/1975;0;53;52
Gustave;Piedalue;M;3/11/1940;1;21;25
Arno;Beaudoin;M;17/1/1987
Sidney;Robert;M;21/7/1970;0;45;57
Granville;Arpin;M;13/3/1952;0;49;48
Romain;Mouet;M;8/5/1933;1;26;36
Marlon;Demers;M;23/7/1989;1;9;7
Felicien;Plante;M;25/11/1973;0;41;22
Fortun;Bourgeois;M;4/10/1960;0;58;37
Patricia;Bilodeau;F;30/6/1960;1;29;50
Channing;Monty;M;22/2/1975;0;56;43
Astrid;David;F;28/9/1995;1;4;40
Neville;Marcheterre;M;3/4/1973;1;11;30
Émile;Giguère;M;29/5/1955;1;17;58
Stéphane;Loiseau;M;27/11/1948;1;54;39
Minette;Monrency;F;13/10/1998
Danielle;Soucy;F;8/4/1930;1;26;3
Methena;L'Hiver;F;16/2/1937;1;3;56
Gano;Tollmache;M;1/10/1983;1;59;40
Fayme;Coulombe;F;12/1/1994;1;51;54
Vallis;Marcoux;M;31/7/1983;1;13;13
Gano;Narcisse;M;8/4/1996;0;54;8
Leverett;Perrault;M;10/9/1985;1;21;59
Byron;Dufresne;M;14/6/1998;1;16;32
Gauthier;Gagnon;M;22/4/1935;1;1;12
Namo;Lereau;M;26/3/1980;1;29;55
Maurelle;Sabourin;F;2/2/1985;1;6;38
Olivier;Audibert;M;28/5/1960;1;0;45
Phillipa;Langelier;F;20/1/1962;0;22;11
Martin;Lachance;M;9/11/1965;1;10;50
Loyal;Pinneau;M;21/7/1998;0;32;42
Jessamine;Royer;F;7/1/1941;0;54;29
Verrill;Bordeleau;M;12/5/1932;1;18;43
Richard;Deschênes;M;1/10/1932;1;10;19
Mignonette;Pouliotte;F;15/2/1970;0;59;9
Azura;Duperré;F;8/3/1988;1;5;38
Gaspar;Pichette;M;7/9/1951;1;6;39
Agate;Bédard;F;7/2/1976;1;15;42
Prunella;Langelier;F;18/7/1934;1;31;42
Françoise;Ferland;F;10/11/1989;1;1;16
Telford;Vallée;M;9/7/1935;0;58;8
Zerbino;Chartier;M;13/6/1944;1;38;23
Arnaud;Forest;M;27/9/1933;0;42;25
Brigliador;Beaudouin;M;4/12/1971;0;36;15
Millicent;Guay;F;5/5/1979
Porter;L'Angelier;M;2/9/1995
Minette;Dupuis;F;10/6/1966;0;50;23
Bernard;Renaud;M;4/9/1969;1;43;53
Aymon;Langelier;M;25/6/1969;1;15;45
Chantal;Garceau;F;1/8/1934;1;22;48
Clothilde;Busque;F;7/2/1969
Brice;Grimard;M;10/9/1984;0;53;51
Beltane;Chevrette;M;20/9/1944;1;56;10
Edmee;Tessier;F;18/9/1982;1;23;49
Francis;Forest;M;2/10/1949;1;30;19
Prewitt;Camus;M;2/9/1981;1;9;58
Frédérique;Favreau;F;21/8/1985;1;25;42
Oriel;Moquin;F;26/12/1973;1;16;32
Brier;Patry;F;16/10/1998;0;34;18
Ranger;Laurent;M;21/2/1945;1;5;19
Roger;Poisson;M;20/8/1957
Christien;Bériault;M;30/7/1961;0;55;47
Sennet;Hachée;M;2/3/1935;1;10;33
Patrick;Rancourt;M;20/3/1979;1;16;49
Philippe;Boncoeur;M;17/7/1945;0;53;41
Joséphine;Sevier;F;14/1/1981;1;33;13
René;Chevrette;M;11/5/1937;1;43;52
Honore;Plante;F;23/8/1956;1;34;31
Vaden;Moquin;M;30/4/1976;1;3;24
Agramant;Montminy;M;14/9/1976;1;17;11
Anton;Barrientos;M;15/3/1937;1;8;46
Benoît;Dufour;M;16/6/1992;1;11;42
Zoé;Chauvin;F;3/4/1981;1;23;47
Chantal;L'Heureux;F;15/8/1996
Viollette;Mazuret;F;14/3/1933;1;10;44
Aubrey;Lafond;F;17/8/1995;1;5;11
Aymon;Tachel;M;18/4/1947;1;2;37
Édith;Perrault;F;17/4/1992;1;4;24
Ferrau;Breton;M;1/10/1968;1;2;55
Davet;Charlesbois;M;21/8/1956;1;16;52
Rive;Foucault;F;20/6/1945;1;44;38
Amitee;Lambert;F;1/10/1982;1;4;21
Cloridan;Pelland;M;28/1/1958
Gemma;Longpré;F;1/4/1991;1;3;26
Burrell;Lévesque;M;29/9/1975;1;26;36
Robert;Gagnon;M;14/3/1986;1;39;3
Lorraine;Salois;F;11/3/1995;1;8;26
Gilles;Perrault;M;7/1/1933;1;10;5
Sydney;Michel;F;8/12/1937;1;33;51
Adrien;Plourde;M;8/5/1972;1;19;11
Amabella;St-Jean;F;9/7/1943;1;19;36
Vaden;Camus;M;3/6/1943;0;39;50
Sydney;Jetté;F;5/10/1982;1;28;7
Avelaine;Trépanier;F;4/4/1961
Jolie;Leroux;F;30/5/2000;1;12;7
Michel;Faucher;M;27/7/1957;1;3;46
Thierry;Lejeune;M;19/7/1984;0;58;30
Marshall;Dubeau;M;27/2/1947;1;3;27
Romaine;Saucier;F;28/1/1957;1;14;24
Kari;Neufville;F;12/5/1966;1;30;34
Emmanuelle;Hétu;F;15/9/1989;0;57;45
Dexter;Chenard;M;22/9/2000;1;31;0
Babette;Guay;F;12/6/1999;0;48;30
Belda;Brasseur;F;15/12/1991;1;10;49
Somer;Barrière;M;18/10/1956;1;16;29
Virginie;Chenard;F;26/3/1936;1;34;12
Babette;Plante;F;9/5/1957;0;59;25
Perrin;Jetté;M;29/3/1938;0;57;59
Melisande;Dagenais;F;22/2/1991;1;8;54
Garland;Lagueux;F;19/1/1959;1;37;46
Guy;Renaud;M;10/5/1951;1;19;5
Aurélie;Desforges;F;19/6/1963;1;38;3
Damiane;Tessier;F;9/6/1999;1;26;43
Germain;Querry;M;19/12/1978;1;3;8
Azura;Huard;F;12/2/1979;1;11;8
Juliette;Simon;F;20/9/1957;1;13;23
Avril;Gadbois;F;26/6/1949;1;11;56
Tempeste;Boulanger;F;21/3/1999;0;54;3
Jeanne;Charron;F;24/9/1988
Sylvie;Camus;F;11/1/1945;1;20;41
Marmion;Généreux;M;22/7/1935;0;48;2
Richard;Houle;M;2/8/1937;0;36;2
Quennel;Bousquet;M;6/2/1980;1;40;56
Aubrette;Duffet;F;10/11/1946;1;15;25
Karel;Lacroix;M;16/10/1967;1;42;40
Florence;Paiement;F;4/2/1971;0;50;32
Gaston;Gareau;M;9/12/1948;1;28;15
Gaetane;Simon;F;9/1/1932;0;59;54
Diane;Labossière;F;31/12/1984;1;18;32
Joy;Rancourt;F;4/4/1974
Simone;Aupry;F;16/9/1998;0;58;9
Christabel;Aucoin;F;3/1/1966;1;10;30
Jacqueline;Turgeon;F;25/4/1977;1;7;55
Xarles;Laframboise;M;31/1/1945;0;25;45
Élisabeth;Charbonneau;F;30/10/1955;0;49;20
Campbell;Boucher;M;31/8/1970;1;28;42
Frontino;Jalbert;M;6/1/1988;1;10;20
Moore;Vernadeau;M;18/6/1949;1;6;8
Agnès;Morneau;F;23/10/1942;1;1;42
Annot;Chrétien;F;15/9/1960;0;25;29
Gallia;Joly;F;1/2/1979;1;7;14
Thiery;Berthelette;M;9/6/1930;0;58;39
Caresse;Robert;F;1/3/1994;1;17;9
Bernadette;Pelletier;F;28/7/1979;1;15;8
Clovis;Boivin;M;30/1/1966;1;11;14
Annette;Simon;F;1/2/1950
Colette;Rivard;F;24/10/1933;1;4;28
Rabican;Bouvier;M;11/12/1948;1;18;4
Ray;Allain;M;21/9/1992;1;12;18
Fayme;Descoteaux;F;23/12/1996;1;40;30
Alain;Routhier;M;7/1/1939;1;16;27
Pascaline;Laframboise;F;20/10/1934;0;56;49
Anaïs;Bienvenue;F;31/12/1960;1;6;58
Cosette;Lussier;F;23/12/1950;0;57;22
Blondelle;Dodier;F;5/7/1952;0;41;54
Melville;Truchon;M;16/4/1980;0;33;57
Lotye;Lanteigne;F;16/2/1966;1;27;46
Stéphane;Melanson;M;27/10/1943;1;2;32
Fifi;Lamontagne;F;11/11/1944;1;23;43
Mandel;Beausoleil;M;20/5/1998;1;39;17
Renée;Dubois;F;26/12/1948;1;40;56
Charmaine;Carignan;F;13/5/1971;1;5;12
Cammile;Guilmette;F;7/2/1954;1;11;17
Brice;Cousteau;F;20/4/1991;0;52;48
Cécile;Lapresse;F;5/3/1962;1;5;49
Clarimunda;Sabourin;F;11/10/1949;0;46;22
Berangaria;Lanteigne;F;5/12/1970;0;29;11
Mignonette;Desnoyer;F;5/1/1998;1;10;32
Hilaire;Audet;F;29/9/1996
Allyriane;Larivière;F;31/12/1987;1;20;51
Anton;Laberge;M;3/8/2000;1;13;27
Holly;Saurel;F;17/8/1994;1;2;18
Valentine;Déziel;F;25/4/1932;1;13;59
Orville;Voisine;M;9/12/1976;1;37;11
Afrodille;Paré;F;23/11/1978;1;42;50
Grosvenor;Hébert;M;11/12/1985;0;36;40
Chappell;Bérubé;M;6/3/1936;1;12;29
Sidney;Gougeon;M;19/9/1957;1;29;21
Senapus;Ratté;M;5/9/1995;1;21;56
Laurence;Cliche;F;18/9/1976;1;8;17
Nadine;Faubert;F;7/6/1980;1;4;52
Michèle;Fecteau;F;9/6/1972;1;48;18
Bevis;Robert;M;2/4/1963;1;13;19
Karlotta;Doyon;F;12/10/1963;1;41;12
Parnella;Bernier;F;4/9/1995;1;31;15
Gilbert;Sorel;M;17/10/1999;0;41;12
Thomas;Vincent;M;29/12/1955
Vedette;Bondy;F;18/9/2000;1;21;29
Clémence;Beaudouin;F;22/10/1962;1;14;11
Antoine;Quessy;M;13/1/1936;1;27;50
Christelle;Faucher;F;1/12/1980;1;37;51
Marsilius;Villeneuve;M;27/12/1980;1;16;6
Yvette;Sauvé;F;26/7/1942;1;32;45
Avelaine;Bonneville;F;7/6/1933;1;12;32
Quennel;Royer;M;10/12/1940;0;34;34
Geneviève;Huppé;F;29/4/2000;1;43;6
Stéphane;Caisse;M;8/5/1935;0;35;31
Anastasie;Jobin;F;5/8/1954;1;33;23
Durandana;Ducharme;F;21/7/1942;0;26;38
Vernon;Dodier;M;6/8/1935;1;26;46
Nouel;Davignon;M;16/5/1979
Peppin;Aubin;M;8/3/1963
Gilles;Charpie;M;12/8/1932;1;42;2
Nicholas;Vallée;M;19/6/1931;1;29;24
Beltane;Fontaine;M;30/8/1979;1;34;10
Burkett;Lemelin;M;13/10/1956;1;55;53
Comforte;Bonenfant;F;23/8/1996;0;58;54
Barry;Mercier;M;9/5/1960;1;17;26
Edmee;Briard;F;4/4/1959;1;13;40
Saville;Parizeau;M;5/1/1998;1;52;45
Eustache;Gareau;M;9/1/1938;1;15;37
Lirienne;Denis;F;7/3/1940;1;4;1
Christelle;Monjeau;F;3/11/1930;1;12;24
Romaine;Hughes;F;17/10/1943;1;27;30
Simone;Mathieu;F;29/10/1970;1;7;51
Eglantine;Bienvenue;F;1/7/1944;1;19;36
Mandel;Leclair;M;22/10/1931;1;28;35
Philippine;Garreau;F;17/4/1940;0;51;25
Esperanza;Hébert;F;13/9/1975;0;56;44
Joseph;DuLin;M;6/5/1998;1;23;10
Michèle;Boileau;F;10/3/1962;1;29;54
Delit;Jardine;F;17/4/1976;1;18;6
Bellamy;Déziel;M;7/6/1942;1;6;29
Ninette;Doucet;F;3/10/1960;1;19;1
Élisabeth;Ratté;F;11/5/1934;1;27;44
Brigliador;Desrosiers;M;8/6/1961;1;11;31
André;Lazure;M;8/2/1940;1;16;58
Yvon;Lereau;M;5/10/1978;0;40;8
Coralie;Austin;F;12/8/1945;0;56;48
Christien;Coupart;M;23/11/1931;1;20;8
Fabien;Deblois;M;6/4/1933;1;36;40
Orson;Arsenault;M;6/5/1968;1;38;37
Troy;Bériault;M;6/10/1990;1;26;6
André;Maheu;M;29/7/1942;2;1;32
Corinne;Bonnet;F;27/11/1995;1;7;18
Joséphine;Devost;F;15/3/1968;0;59;19
Tabor;Bergeron;M;22/8/1977;1;35;20
Seymour;Pépin;M;23/10/1941
Audric;Paré;M;17/5/1975;1;35;13
Gill;Allard;M;22/12/1932;1;18;49
Astrid;Tisserand;F;3/5/1990;1;32;36
Creissant;Ailleboust;F;21/3/1981;0;52;24
Brie;Lavallée;F;10/8/1935;1;16;45
Morgana;Poisson;F;12/10/1937;1;34;47
Laure;Ratté;F;30/11/1940;1;22;22
Alfred;Crête;M;7/1/2000;1;41;26
Bertrand;Rivard;M;30/1/1987;1;11;44
Jolie;Dostie;F;10/5/1958;1;2;5
Allyriane;Gilbert;F;4/12/1936;1;11;43
Mallory;Chaussée;M;16/4/1994;0;48;15
Paulette;Foucault;F;30/5/1964;1;36;17
Jeanette;Poulin;F;8/8/1934;1;39;41
Amélie;Tollmache;F;17/4/1990;1;39;28
Dorothée;Allain;F;25/12/1976;1;14;11
Roger;Trottier;M;27/10/1988;1;4;39
Charmaine;Gaudreau;F;25/7/1952;1;49;35
Lucas;Beausoleil;M;3/2/1970;1;15;5
William;Thibault;M;28/2/1957;0;28;42
Cendrillon;Fremont;F;1/6/1955;1;0;34
Germaine;Brousseau;F;29/3/1948;1;35;44
Fitz;D'Aubigné;M;1/6/1933;1;57;33
Flordelis;D'Avis;F;3/6/1968;1;2;57
Hugues;Barteaux;M;12/1/1995;1;38;4
Carolos;Deslauriers;M;20/8/1964;0;50;52
Emmanuelle;Aubé;F;25/1/1939;1;6;42
Olivie;Bourgeau;F;1/8/1934;0;36;20
Carine;Lanoie;F;9/1/1996;1;28;25
Felicienne;David;F;16/2/1987;1;8;9
Julienne;Leblanc;F;30/12/1972;1;9;46
Jeanne;Voisine;F;15/1/1988;1;30;38
Marlon;Flamand;M;5/7/1968;1;22;51
Blondelle;Deslauriers;F;22/9/1987;1;0;19
Orville;Laurent;M;3/5/1949;1;2;43
Yvette;Parmentier;F;21/5/1982;1;34;50
Auguste;Paré;M;24/7/1962;0;52;0
Porter;Lamy;M;15/9/1944;1;6;57
Lothair;Nadeau;M;19/3/1957;1;0;36
Fabien;Martel;M;11/10/1941;1;15;22
Seymour;Bourgouin;M;8/8/1993;1;2;49
Pryor;Doucet;M;11/10/1996;0;51;1
Roxanne;Breton;F;22/3/1982;1;22;10
Hedvige;Courtemanche;F;5/2/1982;1;25;52
Merlin;Mouet;M;17/10/1964;1;10;37
Denis;Morneau;M;5/7/1949;1;0;26
Robinette;Fortier;F;21/6/1932;1;8;36
Harbin;Lemelin;M;5/11/1952;1;0;13
Éléonore;Monrency;F;15/10/1962;0;54;50
Lothair;D'Aoust;M;3/5/1958;0;42;51
Eliot;Guernon;M;30/12/1949;1;43;34
Logistilla;Lanctot;F;21/3/1960;1;25;41
Alexandrie;Lefèbvre;F;24/1/1983
Aimé;Frappier;M;5/10/1947;0;51;59
Melusina;Guay;F;25/8/1952;1;14;28
Pinabel;Duranseau;M;16/3/1977;0;32;34
Ansel;Adler;M;14/10/1987;0;45;45
Tempeste;Morneau;F;12/8/1942;1;8;10
Arienne;Meunier;F;21/8/2000;1;29;35
Roland;Vadnais;M;28/9/1954;1;1;22
Charles;Levasseur;M;15/4/1969;1;17;20
Sabine;Beaudry;F;2/9/1999;1;48;50
Joseph;Masson;M;2/10/2000;0;58;28
Latimer;Hervieux;M;15/7/1987;1;21;21
Florismart;Laframboise;M;28/1/1996;0;54;48
Robinette;Veronneau;F;24/12/1968;0;44;47
Nouel;Chalut;M;1/5/1963;1;18;12
Josette;Lapierre;F;30/1/1981;1;23;25
Jeanne;Laisné;F;12/12/1952;1;14;23
Leala;Deniger;F;21/12/1984;1;47;4
Arthur;Laramée;M;22/3/1997;0;50;20
Iva;Pelchat;F;11/6/1943;1;11;35
Frontino;Ailleboust;M;5/5/1988;0;35;49
Troy;Tougas;M;14/2/1988;1;14;22
Aimée;Corbin;F;6/2/1964;1;15;59
Clémence;Provencher;F;16/5/1952
Timothée;Rhéaume;M;23/3/1981;0;56;54
Christiane;Étoile;F;9/5/1968;1;17;40
Montague;Parent;M;18/2/1950;0;41;38
Fabrice;Ruel;M;25/4/1952;1;17;54
Bruce;Émond;M;15/4/1982;1;11;14
Gradasso;Ratté;M;11/2/1975;1;12;27
Océane;Bonami;F;9/6/1979;1;51;18
Inès;Piedalue;F;2/12/1950;1;2;55
Marlon;Brunault;M;25/5/1950;1;17;34
Aubrey;Houde;M;10/9/1963;0;39;19
Maslin;Busque;M;17/10/1976;1;18;34
Peppin;René;M;19/5/1982;1;20;41
Emmanuelle;Daigneault;F;25/10/1992;0;58;9
Étienne;Achin;M;10/3/1977;1;6;27
Pomeroy;Ruel;M;4/8/1955;0;59;43
Guy;Auclair;M;13/1/1955
Philippe;Dostie;M;9/2/1985;1;14;7
Liane;Batard;F;15/2/1948;0;49;44
Charlot;Rhéaume;M;21/12/1992;0;39;20
Leone;Varieur;F;13/3/1937;1;28;4
Lance;Laurent;M;21/9/1953;1;32;45
Léon;Bérard;M;11/11/1974;1;7;6
Soren;Duffet;M;26/4/1965;0;46;22
Platt;Trudeau;M;2/12/1958;0;50;32
Melisande;Sciverit;F;20/6/1944;0;48;10
Serge;Brousseau;M;12/9/1936;1;26;0
Tanguy;Morel;M;2/9/1969;0;38;52
Burnell;Séguin;M;2/12/1933;1;25;4
Pomeroy;Cantin;M;10/9/1967;1;47;0
Guy;Fremont;M;19/6/1945;0;48;39
Vail;Demers;M;4/5/1954;0;58;49
Joseph;Norbert;M;24/1/1954;1;44;23
Tearlach;Avare;M;12/2/1934;1;37;26
Granville;Marcil;M;6/11/1931;1;0;43
Carine;Paré;F;12/3/1987;1;21;49
Laure;Gaulin;F;1/11/1993
Jacques;Garnier;M;27/6/2000;1;25;49
Christien;Parent;M;13/7/1934;1;31;36
Pierre;Ratté;M;4/8/1943;1;20;56
Vernon;Beaulé;M;22/11/1964;1;10;10
Seymour;Michel;M;12/1/1997;1;29;20
Viollette;Fréchette;F;1/6/1985;1;6;9
Aubin;Gadbois;M;19/10/1962;0;47;50
Georgette;Loiselle;F;8/12/1968;1;53;31
Émile;Sauvé;M;10/8/1993;1;11;27
Alexandrin;Lécuyer;F;21/3/1942
Orson;Rhéaume;M;26/2/1990;0;51;30
Albertine;Bernard;F;10/1/1941;1;23;56
Vaden;Beaulé;M;4/9/1982;1;30;18
Somerville;Bois;M;20/9/1946;0;34;34
Agrican;Faure;M;7/9/1982;1;12;9
Théodore;Souplet;M;18/2/1956;0;41;54
Édouard;Landry;M;17/1/1989;0;49;5
Durandana;Godin;F;23/9/1942;0;45;28
Franck;Varieur;M;24/3/1939;1;21;38
Philip;Boucher;M;7/1/1962;0;43;27
Sidney;Charest;M;5/3/1981;0;41;33
Florus;Lévesque;M;23/12/1956;1;20;5
Yves;Mailloux;M;4/7/1993;1;39;43
Leroy;Grandbois;M;31/7/2000;1;44;45
Henry;Bouchard;M;14/1/1991;1;52;11
Astolpho;Archambault;M;24/8/1945;1;16;22
Linette;Patenaude;F;16/1/1987;1;47;59
Jeannine;Binet;F;21/1/1983;1;17;43
Laurence;Courtois;F;19/3/1993;1;27;57
Percy;Laisné;M;16/6/1945;1;32;41
Arridano;Busson;M;12/2/1988;0;35;53
Bellamy;Caisse;M;21/8/1960;0;43;24
Bartlett;Charrette;M;16/9/1952;1;30;5
Zara;Bousquet;F;14/7/1999;1;41;35
Harcourt;Laux;M;14/9/1947;1;15;16
Orson;Devoe;M;1/12/1994;1;28;18
Harriette;Blanchard;F;1/8/1980;1;6;3
Vignette;Couturier;F;29/3/1939;1;16;46
Christian;Lévesque;M;18/11/1965;1;32;45
Talbot;Miron;M;18/12/1937;0;48;17
Eulalie;Brodeur;F;11/4/1966;1;34;33
Laurette;Langelier;F;5/9/1988;1;29;6
Garland;Aupry;M;31/8/1987;1;15;42
Avelaine;Laux;F;21/8/1942;1;23;12
Juliette;Parent;F;13/11/1956;1;28;37
Solaine;Pichette;F;25/1/1953;1;38;42
Marcel;Paiement;M;28/3/1944;0;54;53
Clovis;Tremblay;M;28/8/1979;0;47;13
Yolande;Clément;F;12/1/1965;1;9;0
Royale;Picard;F;3/4/1960;0;57;9
Gérard;Thériault;M;13/2/1981;1;45;10
Denise;Déziel;F;20/11/1952;1;16;29
Gabriel;Begin;M;25/5/1936;1;7;59
Jeanne;Barjavel;F;2/10/1940;1;19;17
Millard;Provencher;M;23/6/1943;0;54;55
Gradasso;Primeau;M;19/1/1995;1;33;51
Jolie;Lajeunesse;F;30/10/1929;0;54;20
Jérôme;Lemaître;M;11/12/1948;1;17;11
Roux;Salois;F;1/7/1964;0;53;23
Alexis;Bourgouin;M;16/5/1952;1;28;18
Arber;Mothé;M;4/2/1980
Vivienne;Lampron;F;5/7/1939;0;51;50
Amabella;Duperré;F;4/11/1944;1;16;36
Ogier;Collin;M;20/11/1972;1;2;45
Lorraine;Poirier;F;30/6/1943;0;46;49
Ernest;Goudreau;M;28/1/1958;1;41;7
Timothée;Lemieux;M;12/1/1941;0;58;1
Loring;Laliberté;M;18/3/1966;0;48;13
Mason;Chevrette;M;29/1/1930;1;38;47
Berangaria;Turcotte;F;21/7/1938;1;6;15
Zurie;Jacques;F;16/8/1942;1;5;25
Rabican;Quiron;M;28/9/1975;1;16;33
Karlotta;Marquis;F;7/12/1998;0;51;7
Charmaine;Robillard;F;1/4/1939;1;55;10
Colette;Tollmache;F;25/5/1957;1;49;6
Brigitte;Duperré;F;19/6/1932;0;15;21
Damiane;Chauvin;F;17/9/1936;0;57;58
Inès;Clavet;F;3/1/1980;1;29;4
Arno;Begin;M;17/11/1980;1;30;33
Pryor;Barrière;M;14/2/1975;0;48;6
Michèle;Tessier;F;15/6/1972;1;55;54
Hedvige;Gingras;F;2/11/1946;1;20;12
Corinne;Berthiaume;F;11/8/1941;1;9;56
Dominic;Leroy;M;6/2/1996;0;37;35
Esperanza;Gregoire;F;1/11/1952;1;5;7
Adélaïde;Binet;F;28/7/1983;1;23;25
Bernard;Parmentier;M;16/3/2000;1;2;34
Stéphanie;Robert;F;6/8/1993;1;17;34
Turner;Monrency;M;5/4/1960;1;9;42
Comforte;Aubé;F;25/10/1977;0;59;38
Alacoque;Poulin;F;28/8/1961;1;5;56
Arno;Mailhot;M;28/7/1981;1;7;2
Vincent;Gour;M;29/5/1952;1;29;58
Namo;Robert;M;1/3/1998;1;1;19
Fanette;Laderoute;F;12/6/1989;1;29;39
Didiane;Neufville;F;22/5/1934;0;44;52
Yolande;Hétu;F;20/4/1944;0;56;19
Linette;Boncoeur;F;23/12/1958;1;24;49
Manon;Marois;F;28/10/1978;1;36;41
Ranger;Saindon;M;2/8/1952;0;50;27
Favor;Souplet;F;31/1/1943;1;3;53
Stéphane;Cousteau;M;22/8/1938;1;11;1
Mavise;Lejeune;F;31/1/1960;1;24;5
Suzette;Guimond;F;4/10/1983;1;39;55
Christabel;Saurel;F;27/2/1942;1;46;1
Gauthier;Brochu;M;16/2/1996;1;12;48
Orville;Bonsaint;M;7/11/1990;1;17;38
Iva;Deniger;F;17/7/1996;1;14;7
Georgette;Dufresne;F;6/2/1930;1;5;15
Burrell;Bisson;M;14/7/1956;0;37;46
Clémence;Frappier;F;28/4/1936;1;7;27
Logistilla;Bonami;F;13/7/1961;0;53;27
Marie;Thibodeau;F;9/9/1951;1;17;32
Brier;Lalonde;F;19/7/1960;0;41;49
Christien;Cressac;M;14/3/1995;0;29;41
Leala;Chevrette;F;27/3/1985;1;16;34
Neville;Morin;M;30/12/1948;0;56;16
Laetitia;Durand;F;23/6/1981;0;55;59
Alexandre;Lapresse;M;17/6/1976;1;43;6
Leal;LeBatelier;M;19/11/1989;1;32;42
Byron;Théberge;M;17/8/1932;1;2;35
Merlin;Monjeau;M;8/3/1939;1;11;29
Aubrette;Blanchard;F;14/10/1940;1;34;36
Platt;Deserres;M;24/12/1966;1;8;5
Legget;Vadnais;M;27/11/1940
Maryse;Fortin;F;9/3/1933;1;6;52
Avent;Gaillard;M;8/12/1977;1;7;35
Francis;Doucet;M;30/3/1945;1;3;47
Clovis;Pomerleau;M;3/1/1960;1;45;26
Guerin;Chicoine;M;6/11/1963;1;40;16
Laetitia;Riquier;F;22/11/1965;1;4;55
Constance;Tremblay;F;11/7/1996;0;49;47
Romain;Allaire;M;26/6/1993;0;55;14
Aimé;Côté;M;15/10/1978;0;57;17
Antoine;Meilleur;M;26/1/1997;0;57;37
Karel;Veronneau;M;17/10/1996;1;11;20
Cheney;Masson;M;20/7/1948;1;30;2
Philippe;Boulanger;M;15/12/1935
Percy;Ayot;M;21/8/1952;0;58;33
Florismart;Dastous;M;7/3/1998;1;6;49
Berangaria;Bernard;F;23/4/1971;1;14;40
Agramant;Louis;M;26/2/1969;0;57;39
Jeoffroi;Lécuyer;M;25/8/1931;1;15;48
Garland;Grandbois;M;30/6/1931
Turner;Davignon;M;27/2/1997;1;23;20
Babette;Turgeon;F;1/2/1974;0;54;36
Ray;Cressac;M;23/5/1959
Archard;Doiron;M;2/8/1941;1;45;14
Romaine;Généreux;F;24/1/1967;1;23;16
Arianne;Bourget;F;22/5/1950;0;42;27
Demi;Bisson;F;27/1/1969;1;15;59
Phillipa;Larivière;F;14/9/1992;0;52;6
Luce;Hachée;F;15/1/1999;1;19;56
Courtland;Thivierge;M;25/1/1947;1;6;46
Mariette;Ailleboust;F;2/9/1950;1;17;8
Cinderella;Rancourt;F;7/2/1965;1;22;30
Grosvenor;Robitaille;M;16/10/1976;1;31;29
Emmanuel;Lapierre;M;7/6/1997;1;16;6
Warrane;Bourgeau;M;30/4/1940;1;20;34
Sophie;Bérard;F;10/2/1982;1;31;6
Ferrau;Echeverri;M;26/2/1993;0;50;15
Royale;Labossière;F;23/4/1962;1;43;51
Eugène;Carrière;M;4/1/1944;0;57;22
Benoît;Grandbois;M;20/1/1931;0;43;30
France;Pouchard;F;22/12/1976;0;58;20
Voleta;Laux;F;7/11/1961;1;6;30
Fabienne;Talon;F;14/2/1973;1;14;14
Amitee;Compagnon;F;21/6/1955;1;26;1
Zara;René;F;13/11/1969
Fayme;Boutot;F;24/4/1954;0;59;3
Ophelia;Bourgeois;F;28/10/1959;1;16;0
Russell;Garreau;M;20/12/1950;1;10;16
Guillaume;Labrecque;M;12/5/1987;1;18;38
Felicienne;Michel;F;23/8/1952;1;2;12
Nicolas;Demers;M;17/2/1931;1;25;49
Caresse;Marcoux;F;3/12/1971
Gilbert;Lizotte;M;13/9/1950;1;39;35
Langley;Émond;M;3/3/1981
Adrien;Morel;M;23/8/1980;1;19;15
Sidney;Plaisance;M;8/10/1963;1;25;42
Raoul;Gour;M;4/11/1976;1;11;21
Isabelle;Chastain;F;3/2/1968;1;17;16
Yseult;Cadieux;F;17/7/1932;1;9;11
Bruno;Gamache;M;5/12/1934;1;25;45
Prewitt;Fréchette;M;11/3/1944;1;3;11
Barry;Couture;M;12/2/1952;1;11;16
Dalmace;Narcisse;F;28/2/1992;1;22;39
Grégoire;Rhéaume;M;18/11/1951;1;30;5
Ranger;Fournier;M;14/8/1949;1;21;22
Louise;Beaulieu;F;10/4/1930;1;31;14
Fabrice;Fecteau;M;6/9/1967;1;15;44
Noël;Miron;M;10/4/1930;1;21;25
Gérard;Beauchesne;M;22/10/1968;1;26;36
Guillaume;Monrency;M;14/11/1979;1;16;15
Aubrette;Breton;F;19/3/1947;0;46;20
Henri;Bonneville;M;8/5/1963;1;27;33
Rive;LeBatelier;F;24/7/1981;1;22;58
Christophe;Begin;M;24/1/1943;1;6;17
Arnaud;Jalbert;M;9/5/1997;1;9;56
Manon;Guédry;F;13/10/1989;0;43;58
Archard;Coudert;M;5/8/1960;1;3;7
Iven;Édouard;M;21/10/1986;1;8;21
Danielle;Duplanty;F;15/5/1986;1;2;5
Latimer;Casgrain;M;13/7/1939;1;9;38
Orson;Auberjonois;M;25/6/1982;0;56;40
Iva;Coudert;F;24/5/2000;1;3;34
Millard;Provencher;M;1/8/1987;0;56;37
Huette;Saindon;F;15/2/1995;1;7;1
Thierry;Marcheterre;M;13/2/1954;0;51;28
Gaetan;Huot;M;9/4/1954;1;16;58
Sylvie;Édouard;F;1/2/1945;1;16;17
Quincy;Maheu;M;20/10/1934;1;27;28
Daisi;Labrosse;F;19/4/1948;0;48;4
Marine;Ayot;F;4/6/1971;1;23;52
Léon;Corbin;M;9/11/1963;1;8;30
Chantal;Lamarre;F;27/12/1992;1;21;27
Damiane;Pariseau;F;23/8/2000;1;6;36
Chandler;Grenier;M;26/4/1956;1;1;41
Saville;Marier;M;19/11/1969;1;5;55
Merlin;Rouze;M;22/5/1950;0;58;36
Benjamin;Roussel;M;27/3/1973;1;27;7
Quincy;Berthelette;M;10/1/1948;0;40;2
Satordi;Melanson;M;9/12/1997;0;28;4
Hamilton;Dodier;M;15/12/1943
Amarante;L'Anglais;F;25/1/1975;1;25;38
Henri;Perrault;M;16/9/1982;1;5;4
Paige;Dubé;F;18/12/1985;1;20;40
Georges;Thivierge;M;4/7/1959;1;15;6
Mallory;Turgeon;M;2/7/1995;1;21;45
Dominique;Goguen;M;15/8/1964;1;32;55
Benoît;Bernier;M;17/7/1997;1;37;16
Claudette;Savard;F;26/11/1973;1;48;37
Roch;Léveillé;M;10/8/1944
Édouard;Chicoine;M;18/2/1995;0;52;41
Avelaine;CinqMars;F;14/2/1983;1;16;20
Tyson;Giroux;M;2/10/1941;1;1;55
Arlette;René;F;19/7/1941;0;37;18
Zerbino;Devost;M;2/5/1997;0;48;38
Tilly;Batard;F;2/3/1949;1;28;46
Jacqueline;Simard;F;19/8/1950;1;37;22
Victorine;Lamy;F;26/11/1960;1;25;26
Arthur;Benoit;M;29/11/1960;1;21;35
Jeannine;Sansouci;F;17/9/1931;1;15;50
Alexandre;Pariseau;M;11/10/1940;0;53;50
Tilly;Deniger;F;13/10/1980;1;15;38
Avent;Gagnon;M;3/11/1940;1;27;49
Prewitt;Parenteau;M;20/8/1950;1;5;33
Margaux;Masson;F;26/5/1969
Wyatt;Coudert;M;24/4/1982;0;45;22
Constance;Tétrault;F;18/7/1969;1;6;9
Gano;Charlesbois;M;8/12/1936;0;21;1
Merci;Longpré;F;1/9/1965;1;28;45
Ila;Varieur;F;27/7/1979;1;47;8
Honore;Audibert;F;18/11/1981;1;16;21
Linette;Lajeunesse;F;2/11/1973;1;5;24
Aimé;Grondin;M;12/12/1938;0;56;49
Vernon;Chartier;M;21/3/1940;1;25;40
Erembourg;Barrientos;F;4/3/1946;1;16;16
Durandana;Sauvé;F;3/10/1973;1;22;5
Pierpont;Lazure;M;16/8/1931;1;20;46
Patricia;Théberge;F;19/10/1950;0;48;3
Gérard;Champagne;M;28/12/1937;1;1;17
Lundy;Douffet;F;26/1/1950;1;1;40
Gilles;Lépicier;M;4/12/1966;1;17;32
Mayhew;Poissonnier;M;8/3/1933;1;31;20
Arnaud;Lamy;M;27/12/1971;1;14;12
Vaden;LeBatelier;M;31/3/1965;0;44;46
Aimée;Parrot;F;1/11/1936;1;3;54
Pénélope;Cyr;F;2/2/1959;1;6;47
Garland;Galarneau;M;30/4/1958;0;33;9
Arno;Caisse;M;24/9/1995;1;15;59
Olympia;Pinneau;F;21/1/1951;1;8;50
Dominique;Archambault;F;18/3/1998;1;5;45
France;Doyon;F;5/4/1976;0;25;41
Laure;Allain;F;23/11/1967;1;25;35
Nathalie;Lanctot;F;6/4/1953;0;57;4
Allyriane;Belisle;F;9/9/1998
Cinderella;D'Avis;F;3/6/1948
Mignonette;Jalbert;F;17/1/1940;0;21;19
Platt;Poisson;M;12/10/1998;0;55;52
Parnella;Renaud;F;12/2/1974;1;6;40
Mireille;"Des Meaux";F;10/2/1930;1;21;23
Kari;Bourque;F;1/10/1978;1;31;9
Ansel;Sarrazin;M;25/5/1956;1;17;55
Gilbert;Chouinard;M;30/5/1944;1;4;49
Dielle;Pariseau;F;14/10/1968;0;25;46
Soren;Lapointe;M;5/11/1968;0;31;10
Verney;Petit;M;8/7/1993;1;5;26
Denise;Berie;F;5/11/1992;1;9;21
Agramant;Lapointe;M;31/7/1959;0;29;15
Antoine;Chalut;M;3/5/1934;0;49;33
Marcel;Levasseur;M;29/11/1963;0;55;31
Babette;Poisson;F;4/8/1976;1;50;31
Christian;Chastain;M;19/3/1970;1;19;21
Antoinette;Jardine;F;9/6/1985;1;29;46
Tyson;Caisse;M;15/6/1934;0;59;23
Thomas;Pinette;M;10/12/1996;1;13;8
Frontino;Bédard;M;9/10/1937;1;22;22
Alexandrie;Jodion;F;14/2/1999;1;33;38
Montague;Primeau;M;16/9/1952
D'Arcy;Lejeune;M;9/11/1966;1;24;40
Mavise;Galarneau;F;21/10/1950;1;11;0
Karlotta;Richard;F;19/1/1992;0;59;25
Odelette;Jolicoeur;F;12/4/1938;0;50;0
Yves;Bisson;M;27/4/1968;1;4;16
Fifine;Proulx;F;16/6/1933;1;45;53
Zdenek;Lacroix;M;29/1/1946;0;46;31
Philip;Frappier;M;8/7/1951;1;16;29
Honore;Charlebois;F;7/9/1993;1;17;56
Yves;Fugère;M;10/4/1985;0;37;13
Ogier;Bazinet;M;1/5/1949;1;3;16
Avelaine;Bordeaux;F;4/7/1931;1;2;43
Christian;Cantin;M;13/3/1971;1;22;29
Zurie;"Des Meaux";F;25/12/1967;1;30;8
Laurence;Roussel;F;2/2/1943;1;37;34
Agnès;Sauvé;F;29/11/1990;0;56;42
Georges;Patry;M;11/8/1947;1;27;50
Bellamy;Bordeaux;M;2/8/1970;1;32;40
Allyriane;Boisvert;F;31/5/1972;0;21;15
Byron;Martin;M;7/7/1975;1;40;35
Pascal;Boutot;M;16/2/1982;1;26;34
Fleurette;Meunier;F;21/5/1955;0;59;29
Dominic;Béland;M;16/12/1994;1;41;21
Roch;Arcouet;M;26/4/1932;0;31;20
Somer;Binet;M;2/3/1976;1;29;14
Channing;Racicot;M;16/3/1976;1;13;13
Pénélope;Racicot;F;3/10/1968;0;36;12
D'Arcy;Majory;M;1/9/1967;1;1;51
Sumner;Boileau;M;19/6/1993;0;51;52
Marcel;Henrichon;M;9/2/1959;1;35;38
Marcelle;Vachon;F;14/2/1969;1;38;54
Linette;Laforest;F;25/11/1965;1;32;27
Laurence;Laframboise;F;9/6/1961;1;22;47
Émile;Bertrand;M;18/9/1966;1;11;28
Leverett;Saindon;M;26/4/1931;0;53;40
Arthur;Paquette;M;24/1/1990;0;58;18
Creissant;Rousseau;F;22/8/1961;1;11;13
Clementine;Chartré;F;21/7/1969;0;36;47
Dielle;Pinette;F;4/9/1939;0;45;34
Eleanor;Vadeboncoeur;F;12/11/1951;1;20;36
Gano;Norbert;M;28/6/1955;1;37;17
Pierpont;Laforest;M;26/6/1997;1;12;59
Aimé;Bienvenue;M;11/7/1986;1;39;29
Annot;Deslauriers;F;11/10/1964;1;19;13
Parfait;Grandbois;M;14/4/1972;0;49;55
Ila;Neufville;F;18/9/1942;0;48;55
Dixie;Bler;F;21/8/1961;1;15;16
Gustave;Auclair;M;2/9/1994;0;57;2
Dominique;Sanschagrin;F;30/5/1971;1;8;41
Benjamin;Abril;M;17/2/1933;1;16;7
Audrey;Veilleux;F;19/4/1949;0;38;20
Bellamy;Thivierge;M;13/9/1942;1;34;44
Philippine;Rodrigue;F;27/8/1945;1;22;0
Raymond;Bazinet;M;13/12/1966;1;27;13
Cheney;Salois;M;6/6/1984;0;58;45
Esmeraude;Trottier;F;14/3/1958;0;56;29
Harbin;Simard;M;19/11/1952
Sydney;Lavoie;F;2/11/1960
Jean;Vallée;M;5/12/1965
Langley;Jodoin;M;3/6/1959
Donatien;Adler;M;10/1/1936
Onfroi;Gougeon;M;29/10/1994
Alexandrie;Desilets;F;13/9/1935
Erembourg;Deserres;F;3/6/1985
Didier;Tessier;M;10/6/1963
Satordi;Querry;M;15/8/1963
Thierry;Bergeron;M;7/6/1957
Dixie;Jobin;F;2/7/1980
Bevis;Doiron;M;7/4/1951
Marlon;Monrency;M;29/4/1956
Pénélope;Chalut;F;22/7/1954
Methena;Deniger;F;29/8/1990
Cerise;Jacques;F;8/2/1943
Honoré;Vallée;M;25/4/1961
Eugenia;Mainville;F;17/12/1973
Aymon;Chesnay;M;27/10/1980
Marshall;Berthelette;M;6/12/1959
Roland;Berthelette;M;2/8/1990
Porter;Pelletier;M;28/8/1984
Russell;Guertin;M;15/3/1943
Charmaine;Tétrault;F;4/7/1983
Aceline;Bélair;F;18/4/1988
Arianne;Bourget;F;7/12/1959
Christian;Beauchemin;M;18/1/1960
Manon;Charette;F;18/7/1935
Yolette;Briard;F;19/7/1992
Madelene;Laisné;F;14/11/1971
Burnell;Fongemie;M;21/5/1989
Philippe;Sirois;M;14/6/1932
Eugène;Bouvier;M;31/5/1946
Campbell;Daigneault;M;12/10/1962
Renée;Quirion;F;27/10/1967
Jacqueline;Pinette;F;17/4/1964
Christabel;Sacré;F;1/1/1972
Ancelote;Bondy;F;22/1/1988
Vallis;Echeverri;M;20/2/1943
Fauna;Rivard;F;29/2/1960
Aubrey;Dupont;M;31/1/1963
Anouk;Artois;F;23/7/1943
Amabella;Boutot;F;28/12/1968
Ogier;Desnoyer;M;22/3/1973
Adrienne;Bonami;F;20/11/1997
Barry;Lacroix;M;14/11/1949
Hugues;Grondin;M;4/9/1956
Dalmace;Brousse;F;16/1/1998
Jérôme;Francoeur;M;2/11/1989
Philippine;Paimboeuf;F;18/9/1974
Harriette;Chauvet;F;6/2/1964
Marmion;Sauvé;M;13/5/1934
Maurice;Durepos;M;18/7/1956
Ancelina;Perillard;F;29/5/1993
Olivie;Paquin;F;10/12/1996
